CustomerID,CustomerName,Email,Telephone
C1,Joyce Ng,joyce@gmail.com,92233123
C2,Jean Koh,jean@gmail.com,89321452
C3,Haz Awang,haz@hotmail.com,97321451
C4,Shawn Sandhu,shawn@gmail.com,88214512
C5,Seah Hon Hui,seah@singnet.com,90274012
C6,Felicia Lee,felicia@yahoo.uk,98639204
C7,Justin Mok,justin@gmail.com,92649204
C8,Sandra Chelvan,sandra@gmail.com,91402850
C9,Neo Bee Ten,neo22@hotmail.com,89472761
C10,Linda Teo,linda@gmail.com,96726102